CITING_STATE,CITED_STATE,count
SC,PA,2987
MN,IL,14046
KS,MN,962
CO,ID,543
DC,MA,258
NC,OR,874
IL,ND,417
KS,OK,558
IA,CO,703
NE,AZ,165
VT,TN,85
IA,WV,72
DC,NC,64
ID,NV,52
ID,KY,96
AL,HI,17
RI,NV,43
SC,AZ,408
IN,MA,4135
NE,GA,249
IL,NV,691
MO,DE,568
KY,DE,206
RI,GA,184
ME,AL,50
MO,MO,10586
OK,TX,11513
OH,CT,12547
VA,ME,120
CT,FL,4797
MS,MI,688
AK,CT,93
SC,SC,6604
MN,SD,166
SC,ME,82
LA,VT,45
ID,AR,62
MT,RI,13
US,CT,6
MI,AZ,2664
MI,OR,2048
GA,TX,4843
OK,ND,76
FL,TN,1481
IN,MD,1697
NJ,NE,456
MT,IL,508
AZ,WV,105
DC,KS,42
KS,UT,227
ME,KS,62
WA,ND,142
ID,AL,97
CA,HI,1048
RI,CA,3135
IL,OK,3360
CA,MN,29000
NJ,TN,2148
MO,TX,3210
MA,OR,2358
ND,OH,348
GA,MA,3885
OH,DE,3666
OR,IL,3765
NJ,AR,298
WA,AK,102
MO,NM,151
ND,TN,96
DE,SC,326
WY,DE,16
AZ,,33097
SC,,18584
,AZ,28791
,SC,11459
FL,CA,31338
IL,HI,334
AZ,TX,5135
MO,IL,6408
KS,CO,590
IA,IA,5438
CT,DE,1517
AZ,RI,331
NC,ME,228
AL,FL,1028
WA,CO,1898
MT,DE,27
IA,MO,753
WA,MT,142
WV,KY,154
TN,ND,71
WY,IA,43
US,WI,3
CA,US,18
NC,ND,67
VA,WA,1388
OR,OR,8417
NM,TX,1526
OK,GA,392
WI,NM,332
AZ,NC,901
SD,MI,260
NC,LA,558
PR,IN,37
NV,KS,91
CT,MT,125
NJ,HI,195
ME,OR,107
GU,MA,5
NH,WY,32
NE,AK,12
AK,UT,58
DC,ND,4
CT,NY,17819
NY,OH,22167
IN,MN,2793
WA,OK,1093
AK,MA,97
KS,MO,751
AZ,KY,295
HI,MN,135
ME,HI,11
HI,LA,49
IA,LA,217
VA,VT,158
AK,MT,13
SC,AK,30
AK,WV,10
AZ,MD,1952
MA,TN,1593
MN,VA,2513
VT,MI,511
AZ,AR,133
WA,NH,674
VT,NM,49
DE,OR,141
NM,NV,65
MO,UT,653
MT,AK,13
MS,VT,18
OH,MN,9007
ME,TX,464
IN,GA,897
MO,NC,902
CA,MO,9879
IA,CA,5529
NH,MI,1851
UT,DE,301
AR,IA,205
IA,AZ,569
ND,MD,62
OH,NH,1457
ME,MS,14
MD,WY,65
MS,WY,22
US,PA,4
,LA,11593
LA,,12816
AZ,HI,95
NY,KY,2321
IN,VT,142
KS,FL,927
IL,MD,5793
AK,NY,240
VA,NM,308
TX,ND,260
WY,VT,4
MD,NM,390
NJ,VT,458
RI,AL,85
AK,GA,31
TX,NV,578
VT,WA,224
DE,WY,20
MN,,79229
,MN,55887
NH,MA,4184
IL,AZ,3242
GA,ME,230
CO,LA,491
MI,RI,875
RI,NE,49
AL,TN,297
ME,AR,22
TX,AK,447
DE,ND,19
US,MI,10
IL,AL,1210
FL,IN,3279
CA,TX,57237
DC,CA,1045
WI,MT,146
VA,DE,956
HI,ME,10
NV,MS,35
AR,PR,9
NE,ME,20
NJ,NJ,101836
FL,NY,16587
MD,MD,13784
MO,OK,951
LA,MD,733
FL,WA,2862
IL,SC,1910
ND,FL,155
NY,PR,146
VI,OH,6
DC,SC,14
ND,NH,32
WV,NV,24
TX,NJ,24460
CA,KS,4850
AL,OR,252
PA,SC,1587
AK,OK,120
ID,SC,89
AR,LA,173
OR,OK,469
CO,HI,115
VT,MS,23
IA,AK,20
IN,MT,98
TX,WI,5263
OH,IN,7647
OK,SC,288
CO,DE,545
UT,MO,699
OR,RI,176
MI,AL,1164
NH,AR,56
MI,WY,163
WY,MT,19
KY,ND,21
NM,GU,2
AK,NH,16
WI,OK,1125
VA,AZ,1191
GA,CT,2854
OR,MN,1981
RI,NJ,1287
CO,FL,3425
ID,VA,351
VT,KS,50
IA,DE,166
UT,LA,292
HI,DC,17
NM,UT,162
OK,UT,378
NV,KY,159
,NJ,182142
NJ,,122327
CA,CA,354768
PA,CO,3450
MI,IL,20550
OH,NY,26761
CA,NC,10264
AZ,AZ,9267
CO,MO,1099
NH,WI,744
OH,KS,1613
OR,KY,337
PR,PA,132
ID,AZ,934
GA,WV,309
MN,MN,45844
PA,NJ,27234
OR,MO,780
MT,MA,229
MA,NM,822
RI,MA,1295
NY,WY,235
UT,NH,269
MS,OK,160
MT,WV,27
VT,SC,111
ID,TN,184
VT,VI,1
NY,NY,152998
TX,NY,29006
MI,NH,1475
OR,CT,1832
MI,TN,2237
RI,MI,680
LA,IA,282
VA,MS,129
IA,HI,38
AS,OH,1
HI,AR,10
CA,GU,6
KS,AK,18
IN,OH,8094
WV,MI,1007
TN,CT,1771
RI,TN,110
OR,DC,102
NC,IA,771
DE,CO,374
MO,DC,120
HI,DE,14
SD,HI,4
AK,NV,7
WI,PA,7668
SD,IN,109
MS,MA,434
SC,NE,134
TN,SC,608
MD,TN,706
NH,ID,67
KY,KS,243
NE,OR,213
DC,AZ,77
HI,WY,8
,DC,3552
DC,,1654
CO,PA,4799
IL,NC,3573
IN,NE,304
VA,WI,1669
IL,SD,241
NY,UT,2212
NV,DE,72
AR,VA,146
HI,NC,70
SD,AZ,77
MO,GA,777
PR,KY,5
NV,AK,15
SD,SC,27
US,TX,11
FL,OH,9250
OK,AR,161
WA,IL,6936
WA,FL,3656
WA,AL,544
NC,AK,35
GU,CA,19
NM,WY,29
DE,CT,1026
WV,WV,2932
DC,OK,82
MI,KS,1405
ME,IL,760
WY,WV,13
KY,TX,1491
MD,SC,486
FL,VT,307
KY,AR,95
LA,AK,61
DC,RI,14
OK,NY,3826
IL,NY,29228
SC,NY,3611
TN,CA,7266
ND,TX,311
NC,KY,871
MO,CO,995
CT,OR,1161
KY,MD,558
HI,RI,27
LA,AL,288
DC,WA,79
PA,IN,5933
MT,WA,168
UT,WY,99
WV,NJ,1340
WA,WI,2569
AZ,ME,186
OR,SC,362
WV,AL,68
MA,AK,84
WV,CO,135
AZ,PR,29
VI,NV,2
CO,NJ,6837
WI,MI,7647
IN,OR,943
NM,MN,412
NH,CT,1414
IA,RI,99
DC,WI,79
PA,VT,471
WY,SC,19
ND,CO,93
KY,AK,11
ND,MT,61
NM,MS,29
US,ID,1
IL,GU,2
WI,CT,3900
NY,NE,711
WA,IA,963
NJ,CT,10093
LA,MI,1661
MD,OR,941
MD,IN,1675
NH,CA,7080
OH,AZ,2487
SC,OK,470
ID,LA,101
UT,WV,122
KY,FL,880
AK,SC,29
IN,UT,581
IL,VI,25
NC,MT,105
PA,TX,12921
VT,OH,523
AL,MD,682
VA,DC,602
MA,WV,533
NC,AR,208
WY,NM,23
AR,HI,6
TN,IL,4073
MN,WV,564
MO,FL,2168
ND,AL,32
MA,LA,1107
SD,IA,138
DE,MO,488
VI,NJ,12
MD,ID,135
ND,NE,65
VT,AZ,499
VA,PR,47
US,CO,4
DC,WY,2
VI,MS,2
,OR,19012
OR,,26184
WI,WI,26161
OK,MA,1662
NJ,MN,6977
IN,KS,625
NY,TX,17654
MO,NY,5958
IL,RI,1235
MD,NH,491
CO,CO,14499
NV,IL,1164
OH,MS,381
ME,TN,72
VA,UT,565
NE,NC,201
MD,NV,204
SC,MT,71
PR,AL,18
VA,IL,6409
KY,CA,4599
NC,CT,3078
MI,CO,2870
TN,MA,2092
MN,MO,2749
CO,NV,313
KS,RI,141
NV,TN,161
WY,UT,44
WY,AR,17
ME,ME,796
MO,ND,76
NH,OH,2071
FL,MD,4128
MS,TX,807
OH,ID,401
MS,GA,165
MS,KY,120
VT,TX,1570
HI,TN,43
AR,VT,18
DE,AR,36
ID,US,1
TN,OH,4054
FL,OR,2102
MA,CA,47051
MO,MI,4062
NE,NJ,723
RI,WI,394
ID,DE,107
OH,DC,419
FL,ND,157
NM,RI,43
HI,OR,91
NM,SD,16
SC,MN,1182
ME,GA,112
CA,AR,1239
MN,KY,1140
ID,MN,796
VT,FL,409
PA,NE,672
MO,MS,180
NE,WV,39
NV,NE,63
PR,NC,84
OK,VI,3
SD,RI,11
LA,TX,6181
NE,PA,856
AL,WI,753
IN,CO,1201
DE,TX,1509
IN,NC,1371
MS,MS,655
WY,OH,167
OK,ID,116
MS,MT,25
NV,GA,176
DE,IA,93
MS,NV,31
US,NJ,8
MA,WA,3661
AZ,KS,397
TN,AZ,578
AK,NJ,135
RI,WA,219
ME,DE,121
NY,ID,1150
DE,ME,69
RI,MT,22
CA,MS,1166
MN,AL,932
SC,MA,1767
VA,TX,3736
VT,AL,58
UT,CO,1211
MT,AR,32
IA,NH,201
KY,MA,1445
WV,AR,25
AR,TN,163
AL,MT,44
WY,AK,6
WA,US,3
WA,KS,695
MI,MD,3866
CA,CT,26167
IL,LA,1892
KS,CT,684
MN,WI,6968
PA,MD,5804
WA,MO,1331
NY,CO,6062
MO,RI,276
NC,VT,188
FL,ME,326
VT,MT,8
VI,AZ,3
PA,VI,22
WA,PA,5326
IL,NJ,24618
CT,WA,1937
MO,CA,11224
CA,IA,4980
MI,DE,2342
GA,FL,3055
AL,NC,495
NM,KY,86
TX,WY,289
VI,CA,50
KS,NV,113
FL,MI,7627
MD,FL,3390
VA,TN,810
OK,WV,354
IL,MA,13296
MD,NY,10026
NY,TN,2756
WA,IN,1843
CO,WI,1769
MS,SD,8
AK,VI,1
US,TN,5
IA,PR,24
SC,ND,43
MA,NY,27820
FL,SD,188
CA,SD,454
CO,IN,1566
NY,VA,5458
WY,AZ,71
UT,IN,859
OK,WA,721
TN,KS,388
CO,WA,1803
IN,MO,1884
DC,IL,342
DE,AZ,180
RI,CO,320
CT,ID,229
NH,ND,14
AR,NV,96
PR,MS,14
VI,FL,18
,,2382043
VA,,32738
,VA,30402
,CZ,14
CZ,,2
IA,NJ,2054
TX,FL,10868
LA,IL,2569
KY,KY,3691
NH,AZ,644
SD,WI,147
IN,VA,1274
NM,VT,43
OR,NV,235
OH,PR,113
AR,MS,62
IN,NM,156
WY,DC,11
PR,MN,31
NC,SD,76
HI,SC,43
CA,RI,2882
MA,ND,86
HI,OH,314
NC,PR,44
MD,AK,33
FL,TX,8854
MI,MN,6549
PA,OH,20592
MA,MA,52113
DC,NJ,440
IL,NH,1551
NJ,MS,302
OH,NE,686
AR,MA,354
CO,KS,573
AK,ID,14
ND,WY,14
VA,VI,5
IN,IL,9598
MT,OH,393
NC,PA,7342
MI,WI,6611
NJ,AZ,2869
IA,TX,1813
FL,AL,1031
NE,MI,724
NM,MA,1247
ID,ID,6372
DE,KS,117
NJ,PR,94
AZ,AL,402
ND,OR,84
VT,NH,167
HI,AK,8
VI,VI,5
AL,WY,18
IA,MD,687
KY,IN,1044
WA,LA,592
NE,AR,76
NJ,KY,1497
VA,NE,250
AK,IL,178
GA,ID,148
AL,SD,22
LA,ID,72
,RI,7750
RI,,7263
VT,NE,21
NH,NY,3977
MS,IN,238
WI,PR,64
CT,GA,1305
OR,IA,565
CT,LA,775
WA,MI,4422
GA,KY,624
VT,WI,235
TN,UT,367
MS,WI,309
AZ,ID,312
LA,NV,129
FL,WY,136
NM,AK,12
MS,NH,46
NV,NY,1472
OR,WI,1298
IL,NM,587
UT,NM,215
RI,OH,1037
NV,TX,834
HI,NJ,316
WI,DE,889
IA,FL,1173
NV,NM,65
KY,NE,88
MT,AL,41
AR,DC,12
KY,,11943
,KY,12180
WY,,1111
,WY,1106
ME,ND,10
CA,OR,12114
NC,MN,2715
TX,IL,20830
MN,NY,20187
WV,OH,1473
GA,AL,696
AL,MI,1339
NV,CA,3896
IA,GA,434
FL,NM,575
HI,MT,17
PR,WA,21
CO,OK,1871
NY,ME,763
AK,VA,59
VA,VA,9610
OK,MN,1216
MT,MI,338
NC,DC,153
DE,WI,588
DE,NH,105
LA,SD,38
WY,RI,11
VI,MD,6
US,VA,8
PR,DE,10
NH,,17462
,NH,11327
MO,VI,4
GA,OR,913
CO,IA,691
FL,WI,3545
NM,PA,1037
CO,IL,6748
TX,NC,3487
NM,CT,533
MO,LA,461
MD,DC,475
OH,VT,531
RI,VA,305
WY,GA,38
MS,VA,141
WI,NH,643
TN,ME,79
DE,VT,65
NC,VI,2
UT,CA,10691
OH,PA,21641
WV,DE,582
IA,TN,407
WA,UT,905
UT,MD,1162
NV,NC,176
WV,IN,391
RI,DE,162
MT,UT,95
MN,ME,374
PR,KS,4
NH,NM,139
DC,AR,12
IL,WI,9570
NY,IL,25154
TX,ID,1525
KS,OH,1690
CA,DC,2211
MI,HI,186
TN,WA,790
SC,SD,52
RI,KS,81
WV,MS,38
VT,KY,47
GU,MN,4
VI,MT,2
,MI,137037
MI,,144856
CA,FL,30860
IL,TX,12955
DE,TN,518
CO,GA,1064
CT,RI,678
GA,DE,1780
WY,OK,111
OK,DC,68
TX,SD,215
LA,RI,117
IN,TN,1176
WV,CA,1462
ND,IL,657
KY,LA,294
AL,AR,106
ID,SD,21
SC,VT,106
UT,SD,52
WY,OR,63
NY,CZ,3
NV,,5830
,NV,3400
MS,ME,23
PA,NY,27836
LA,NY,2658
GA,CA,12016
CO,AZ,1979
NJ,MD,6644
FL,CO,2859
GA,KS,474
MN,GA,2158
TN,IN,1461
AK,RI,13
NE,SD,43
KY,MT,35
RI,SC,94
US,NY,11
MD,PR,44
VI,WA,4
CA,IL,54092
SD,CA,582
OK,NC,443
WI,TX,4558
AR,WA,226
OR,NJ,3449
KS,KY,193
KS,VA,413
WY,TX,376
CT,IA,773
AR,RI,36
UT,ND,31
CO,SC,410
ME,WV,20
VI,AL,2
ME,IN,360
VA,MD,2866
ID,OH,890
TX,AL,1544
AZ,OH,3208
FL,RI,622
FL,NV,544
FL,AK,122
WV,UT,61
MN,ND,304
TX,IA,2232
CO,TX,6745
RI,NY,2084
AL,OH,1712
IN,WA,1309
MD,GA,1091
AZ,UT,809
LA,KY,206
PR,MO,21
RI,WV,47
DC,CT,195
IA,MS,97
UT,AK,36
ID,ND,31
VA,AK,30
IA,VT,64
NM,NH,117
KS,NH,113
ND,SD,34
KS,MS,82
ME,SD,12
WI,,51616
,WI,46792
IL,OH,20226
MI,ID,467
ID,MD,331
LA,GA,532
HI,IN,98
GA,SC,1260
IL,MT,293
DC,GA,44
FL,VI,17
,ID,6999
ID,,15442
WI,IL,12940
NJ,IN,6078
DE,MD,820
WV,FL,267
CT,VA,2248
NC,KS,509
OR,DE,242
NJ,UT,1474
TX,NH,1762
RI,NC,251
NE,NV,57
VT,ND,9
CA,PA,45363
NY,IN,7085
DE,OH,2289
TN,TX,2467
WY,CT,107
MN,NE,527
VA,MN,2207
AL,UT,347
MA,ME,532
UT,NC,510
NM,AZ,400
MD,VT,211
DE,AL,134
ND,MA,150
VA,WY,52
WI,SD,103
US,CA,24
VT,OR,275
ND,NM,19
GU,NE,1
MT,ME,13
NJ,IL,21910
OH,OH,88807
PA,PA,79778
OH,MO,4453
MO,KY,534
KY,WI,910
GA,NH,496
GA,NM,204
ND,MN,323
WV,TN,249
NV,ID,54
SC,KS,251
ND,VA,48
MO,OH,4716
MN,CA,37816
MI,MA,9907
CA,VA,13219
PA,OK,3554
IN,AL,461
SC,WA,733
MI,UT,2013
MO,AR,273
VT,CT,455
AL,WV,87
DC,NY,577
NM,KS,104
WI,AK,45
NM,ND,22
FL,IL,12253
MA,NE,369
KY,WV,168
NJ,KS,1186
OK,NJ,4579
MA,MN,7920
OR,NC,896
WV,LA,194
NM,WV,42
KS,SC,135
NH,DC,122
VT,CO,368
OR,WY,56
DE,MT,22
WY,NV,17
,CA,361099
CA,,365958
AL,MN,718
IN,MI,9278
NY,MN,11193
SD,NE,39
GA,TN,1197
VA,GA,1080
MI,AR,519
CT,AR,216
KY,IA,364
RI,MO,197
AR,AR,711
WI,HI,108
OK,PR,31
MT,NM,44
WY,WA,75
MD,SD,36
HI,ID,18
US,NE,2
GU,CT,1
,CT,74547
CT,,65917
,NE,3741
NE,,4687
FL,MA,8416
CO,OH,4363
NJ,MO,4010
IA,ND,183
MA,KS,892
UT,IA,429
IN,DE,780
OR,WA,1724
ME,WA,173
SD,ND,34
MA,ID,370
CT,AK,39
NE,VT,14
US,LA,3
MT,,2398
,MT,1587
NY,VT,1399
TN,NM,198
OH,UT,1681
SC,NJ,2889
MA,CO,3931
GA,WI,4569
MT,VA,94
OR,MD,1301
WY,KS,38
NM,PR,7
IN,ID,165
DC,HI,5
WY,LA,39
DE,UT,155
UT,MA,2290
NC,IN,1733
UT,MI,2981
SC,RI,207
SD,CT,66
MT,NV,50
MT,GA,78
NJ,VI,19
WY,HI,3
AZ,IL,4817
MI,KY,2367
NE,WI,659
IN,AZ,1148
SC,WI,1612
IA,KY,442
NE,IA,408
VT,CA,4031
HI,CO,107
NM,MI,843
PR,VA,34
DC,NM,37
NY,MT,308
LA,PR,26
NE,LA,101
MT,MO,136
VI,WI,7
NC,,41988
,NC,27267
DE,MN,1136
AK,TX,488
ND,PA,303
ID,WI,446
FL,AR,394
VT,NY,2298
IN,SC,548
IA,AR,157
UT,TN,466
OR,HI,114
MT,OR,146
WV,WY,9
UT,VT,108
IA,NV,101
GU,NY,8
MT,NH,27
VT,,7713
,VT,5279
IA,NE,434
AL,IA,257
UT,GA,444
NV,LA,183
HI,FL,305
OK,NE,194
SD,SD,207
HI,MI,241
AK,OH,140
OR,AL,271
TN,PR,20
NE,HI,24
SD,KY,16
PR,VT,3
MO,MT,136
OH,TX,10838
IL,IN,8427
CO,CA,25435
WA,SD,91
MO,CT,2127
WY,MO,58
NC,NM,231
AL,MS,108
DC,MO,61
AK,WA,98
UT,AR,77
KS,PR,6
WA,CZ,1
CA,CO,17556
PA,GA,2761
NY,MD,8078
DC,PA,232
IN,PA,6580
FL,MO,2396
SC,DC,45
UT,AL,411
OH,ND,217
DC,VA,157
CO,NM,454
NV,IA,120
AK,MS,10
ND,AK,5
MD,,36121
,MD,42326
TX,HI,288
OK,NH,153
NY,LA,1895
GA,IL,6791
GA,OK,746
IA,AL,201
TX,AR,630
DE,RI,94
DC,LA,22
RI,UT,137
RI,WY,7
DE,,18419
,DE,24841
MD,PA,6059
NJ,NY,34093
PA,AL,1300
LA,MA,1077
MT,NJ,433
MN,AR,360
OK,AZ,546
LA,MN,784
MS,WA,182
ID,OK,221
GA,WY,106
MT,PR,1
AK,ND,9
NY,IA,2082
NH,WV,62
IN,WV,342
MT,IN,150
OK,KY,363
NE,RI,32
LA,ME,59
OR,ND,68
MT,SC,26
MN,LA,875
TX,MA,16788
CT,CT,38738
NC,NY,8614
AL,NY,2251
DE,CA,3907
PA,OR,2136
NC,NV,162
MD,AL,592
AL,VI,1
MO,,24571
,MO,24935
MN,IN,3830
OR,PA,2719
MA,WI,4068
MA,CT,8342
ND,IA,305
KS,DE,143
MO,NH,376
SD,MS,16
WY,MS,17
VI,,78
,VI,110
GA,NC,2582
AZ,CA,19210
LA,VA,501
PA,NH,1373
NV,WA,238
WA,ID,430
PA,AK,103
MI,MS,508
GA,RI,342
WA,DE,562
NH,VT,151
LA,VI,7
PR,ME,3
MS,HI,23
WA,VI,4
,IL,150390
IL,,124830
PA,CA,39526
WA,SC,544
IA,MI,2628
TX,DE,3039
NY,WI,7282
TN,OR,545
TX,LA,5959
NY,SC,1761
ME,WI,251
NV,FL,674
NE,NY,1218
TN,OK,731
KS,GA,339
FL,UT,1331
HI,HI,264
WI,DC,137
CA,CZ,7
PR,MA,86
VA,MT,94
CT,VI,11
AZ,VI,9
OR,OH,2522
OK,PA,3839
TN,MI,2931
SC,MD,729
ME,MA,816
IA,UT,210
WY,MI,169
LA,WY,54
MT,SD,15
ND,DE,25
GA,NJ,8456
IA,NY,2737
KS,MI,1412
FL,WV,373
SC,CT,1237
NE,NM,70
WA,NC,1273
MO,AZ,763
CT,DC,287
NH,NV,68
DC,UT,46
MS,DC,13
ME,,4270
,ME,3577
GA,LA,794
RI,NH,118
KS,WI,787
NV,MO,215
ID,DC,37
ME,MD,217
MT,WI,209
PR,NJ,121
IA,OR,459
MI,AK,98
TN,MS,136
KY,NH,131
TN,NV,146
NV,RI,61
ND,LA,43
MO,HI,98
WY,AL,18
NM,ID,79
MS,FL,446
MT,MN,229
NJ,OR,1781
VA,IA,577
ID,WA,576
AR,NY,873
KS,ND,137
AL,SC,213
KS,NC,331
SC,NM,142
CO,VT,223
DC,VI,1
RI,AZ,240
WI,AL,578
TN,VA,917
VA,OR,778
NE,KS,284
MT,LA,96
NH,NC,595
NH,VA,585
VT,MN,475
UT,SC,183
WY,CO,119
GA,NV,147
GU,MI,7
UT,MS,89
IA,MA,1418
IL,CT,10515
WY,WY,178
NE,MD,317
NE,IN,379
UT,VA,818
WI,VT,238
LA,AZ,331
DE,SD,13
RI,IA,139
WY,NE,31
SD,NM,13
NM,HI,30
MN,NC,2704
GU,,34
,GU,11
TX,MI,12826
GA,PA,5890
WI,GA,2022
ND,MI,353
NE,MA,467
NM,DC,54
NJ,DC,667
CA,ID,3937
NJ,GA,2571
CA,MT,873
VA,LA,441
CO,WV,216
AZ,MT,103
CO,MI,3843
CT,ME,255
IL,TN,2620
TX,NE,722
HI,MA,221
CT,WV,530
MT,CA,1216
US,MO,4
MN,SC,1074
OR,TN,416
ND,ND,408
GA,UT,536
KY,MS,70
AL,KS,178
TX,VT,1284
CA,PR,330
US,DE,2
MO,ME,104
GA,OH,6168
CT,NM,437
ID,IA,191
AL,CT,782
AZ,SD,70
TX,DC,638
MN,DC,330
AR,MI,674
TN,MD,950
MS,AL,90
KY,OR,405
SD,NH,15
MS,IL,845
NH,OR,420
PA,VA,4233
PR,NY,165
LA,MO,637
NC,MS,234
NJ,AL,1147
CT,NV,302
MS,LA,168
WV,MN,326
MS,MO,180
ME,AZ,157
DC,AK,2
VI,NC,4
WA,,42905
,WA,27926
,ND,1382
ND,,2025
IN,TX,3710
AZ,WI,1295
VT,NC,224
VA,RI,292
CO,UT,1013
RI,MD,496
OR,UT,597
WA,WY,88
VI,NY,38
PA,HI,193
ND,NV,12
VI,OK,6
US,,31
,US,17
OH,IL,23311
AL,AL,2667
SC,FL,1118
CA,NE,1943
LA,PA,2339
TX,MO,4129
MA,MS,293
WA,VA,1948
LA,OR,348
ND,WA,156
WI,ID,301
GA,AK,37
ME,UT,102
AK,NC,35
CT,CA,23390
MD,IL,6059
CT,OH,10489
NH,PA,2530
CT,NJ,15116
SD,MN,155
PA,NC,4000
TN,NH,227
OR,KS,408
NJ,SD,125
KY,HI,27
NH,NE,92
HI,ND,7
,MS,2462
MS,,3611
KS,CA,4548
OH,ME,462
CT,IN,3277
WA,MA,5978
OR,NE,330
NM,TN,195
IL,WY,146
AZ,OR,1133
NJ,AK,63
PR,GA,32
NV,PR,12
AK,WY,5
ME,WY,4
,AL,9081
AL,,9950
PA,MN,6871
OK,OH,3205
SC,KY,308
PA,DE,5045
MA,NC,2762
OR,WV,110
KS,MD,472
SD,WY,13
ID,MT,71
DE,MA,1744
MN,TN,1550
MN,OR,1892
OH,IA,2104
CT,MD,3098
RI,FL,485
AZ,TN,561
UT,RI,146
WY,NJ,181
CO,AK,75
CO,NE,297
IN,NV,160
DC,NE,15
PR,TX,98
AL,ID,63
PR,CO,26
,IN,49104
IN,,47990
AZ,DC,203
VA,CA,13742
IA,OH,2501
WI,NJ,8229
CA,ND,509
WV,CT,581
OH,AR,515
KY,CT,1058
WV,AZ,85
AL,IN,584
ME,LA,66
CO,DC,242
NH,MS,49
OR,SD,51
VI,MI,13
VA,MA,4092
TX,OR,4499
WA,OR,2221
KY,NJ,2297
OK,WI,1210
AL,NM,112
NM,AR,35
MT,IA,101
KS,ID,107
MT,MS,23
FL,LA,1198
AR,IL,1030
NC,MI,4561
CT,KY,946
WI,TN,1148
MD,MA,6001
MO,KS,864
DC,OH,203
FL,NE,589
NY,AR,513
SD,NJ,177
SD,VA,65
HI,VT,8
NE,DE,87
US,OR,5
NH,HI,28
VT,AK,6
CT,PA,10268
MA,NJ,20094
ID,NJ,1352
KY,UT,205
TX,KY,1731
GA,VA,1741
NJ,NV,479
WV,OR,93
UT,KY,247
IN,CZ,2
IN,IN,23158
MI,MI,91843
NC,TX,4335
NJ,DE,4435
RI,PA,1087
WI,NC,1718
GA,WA,1439
KS,AL,131
CT,SD,54
AZ,MS,130
DE,WA,266
UT,ID,167
LA,NH,105
GA,PR,54
MN,AK,89
NC,ID,173
TX,CO,6478
AL,IL,1922
TX,IN,5277
MI,TX,10202
NV,MI,716
CO,TN,627
LA,IN,670
LA,CT,879
NV,WV,25
WV,MA,597
ME,PA,584
CT,UT,1022
GA,AR,161
UT,FL,1841
OH,WY,152
OK,WY,85
CO,MT,133
RI,NM,38
AK,AZ,42
RI,ME,46
DC,ID,4
US,OH,5
NY,FL,10978
WI,IA,1700
MI,WV,1021
LA,WA,560
MT,FL,258
IA,MN,1635
WV,WA,258
ME,DC,15
RI,VT,21
DC,AL,32
IA,MT,89
WY,ND,10
CA,WV,1403
SC,MI,2006
AL,ME,48
GA,MI,3709
MD,DE,1146
NC,RI,457
VT,VT,1897
NV,AL,84
NE,CT,391
HI,WA,123
ID,UT,229
AK,HI,6
OK,AK,49
NC,NH,570
ME,MT,15
IL,OR,2713
VA,NJ,6697
LA,NJ,3022
CT,MA,8767
NE,IL,1367
IL,MS,522
VT,PA,779
CO,MA,5470
UT,PA,2746
IL,MO,5380
OK,DE,719
SC,AR,95
CA,LA,4932
OK,KS,550
WV,VA,212
NV,SC,125
NV,NV,1736
NY,AK,115
LA,NE,123
ND,AZ,98
LA,MS,157
PR,ND,3
MS,UT,93
ME,CT,346
WY,IN,77
KS,MT,71
GA,MT,85
MO,AK,32
WI,VI,4
,OH,133605
OH,,129512
WA,NJ,6315
CT,WI,2697
AL,PA,1613
IN,WI,2522
TN,IA,483
MD,CO,1377
OR,MI,2464
IL,ID,552
NC,DE,1317
GA,DC,111
GA,MO,1249
MN,ID,680
NC,WV,351
DC,MI,175
DC,MD,303
AK,IN,58
HI,OK,80
IN,PR,34
GA,ND,73
VT,NV,34
KS,VT,31
,TN,16559
TN,,22149
NJ,LA,2439
UT,NY,4149
FL,GA,2089
WA,DC,278
NE,CO,318
KY,TN,343
MO,VA,953
MO,ID,138
LA,WV,232
AR,DE,51
IN,NY,9363
OR,IN,1000
TX,KS,1882
LA,NC,394
PA,AZ,2725
UT,TX,3032
MA,IN,3972
AL,OK,334
ID,PA,1325
VT,ME,47
CO,VA,1591
NE,NE,1267
AR,NC,256
ND,NC,58
WV,NC,207
CO,CZ,2
,IA,14139
,NM,5966
IA,,14821
NM,,7705
MN,FL,7161
OR,CA,14438
CT,OK,1305
PA,MO,3967
AR,WI,367
IA,NM,149
AL,AZ,322
ND,KS,154
IA,DC,40
PA,WY,136
HI,MO,91
AK,NM,36
MA,SD,95
RI,HI,20
NC,CA,13903
PA,CT,10609
MD,KY,449
AR,KS,147
OR,MA,3824
NC,AZ,1181
NC,WY,46
AL,PR,13
WA,HI,125
ND,VT,7
AZ,ND,66
MS,RI,27
GA,AZ,957
KS,WA,624
VA,OH,4204
IA,CT,1031
FL,KS,1085
TX,UT,2703
SD,CO,64
AZ,WA,1319
VA,AR,157
RI,RI,1954
NM,MO,232
WV,ME,14
VI,IN,6
MI,ND,275
NJ,TX,13786
ME,MN,379
AZ,MO,858
NY,AZ,5418
NY,WA,5071
NH,NH,3735
LA,DC,76
SD,NC,54
NH,GA,348
HI,VA,116
WV,GA,113
AL,KY,154
HI,GA,55
MS,PR,6
KS,HI,40
VI,NM,2
MT,VT,9
MI,VI,8
OH,AL,1303
CA,NY,92419
AK,MI,187
MI,CT,7962
WA,KY,528
NJ,WA,2959
SD,MA,126
VA,NC,2141
AR,NJ,545
KS,WV,96
WY,TN,53
OR,MT,117
AR,MT,25
AR,NE,62
MT,AZ,107
VT,WV,21
OR,AR,145
HI,WV,7
ND,HI,7
,PA,144572
PA,,121707
DE,PA,4112
SC,GA,1026
ND,CT,93
TN,RI,201
RI,LA,81
ME,NH,169
NE,NH,62
AK,MD,59
WV,AK,5
DC,PR,2
,SD,1069
SD,,1207
FL,KY,873
MS,OR,210
KY,OH,3177
NH,TX,1791
NM,IA,118
ID,IL,1156
KY,SC,202
CT,MO,1782
MI,SC,1224
KY,PA,2074
KS,NE,221
KY,NM,57
MT,KS,145
WI,AZ,1369
NM,SC,82
MN,MS,335
VT,IA,85
MS,AZ,117
ID,RI,44
WI,NV,232
MO,WA,961
NJ,RI,1006
ND,NJ,197
NJ,WY,134
ID,MO,266
MS,CO,160
NH,CO,726
VA,WV,286
KY,NV,58
PR,TN,8
OH,OK,3810
NC,MA,4520
KS,NJ,1485
IA,NC,507
KS,IA,767
MO,OR,668
AZ,IN,1438
MA,NV,411
WY,FL,133
HI,MD,142
MO,SD,93
NE,TN,132
MO,VT,94
MD,ND,64
MS,AK,15
WV,MT,10
GU,CO,1
TN,NJ,3630
OK,IL,4287
WI,NE,454
CO,AR,150
NJ,SC,1138
MD,RI,370
CT,AL,571
DC,MT,15
DE,ID,47
CO,SD,67
MI,GA,1959
IL,PA,21413
NY,PA,24945
CA,VT,2617
KS,NY,2086
NJ,IA,1474
OK,MO,1063
ID,IN,327
MA,OK,1681
RI,TX,750
MT,DC,16
NH,MN,1083
AL,VT,45
AK,CO,77
ID,VT,365
GU,WI,2
IA,PA,2403
TN,KY,494
NJ,OH,18700
MN,MD,3828
CA,NM,3293
VA,NY,8248
MN,MA,11865
NC,AL,520
IN,AR,237
ID,CT,505
DE,NM,78
DE,KY,114
NM,WA,431
NM,CO,389
NH,KS,151
PR,CT,72
NV,NH,79
WA,CA,23703
SC,CA,4866
SC,OR,424
CO,NY,9839
IA,IN,1123
MO,IN,1706
WV,IA,87
MA,KY,1040
IA,WA,785
NM,DE,169
SD,ME,15
NH,MT,39
IN,VI,5
VI,HI,4
FL,NJ,11537
RI,CT,711
IL,KS,2099
CT,MI,6787
MO,MA,2815
AR,AL,77
MD,VA,2262
NY,OR,3668
SC,AL,205
SD,VT,8
NE,PR,8
WA,PR,46
MT,WY,19
WV,HI,7
TX,TX,114185
OH,FL,7588
MD,WA,1494
NC,IL,6399
WI,MN,6749
AL,GA,401
MT,CT,155
KY,WA,441
LA,FL,1243
VT,GA,116
HI,NM,24
CA,MA,55957
AL,CA,4504
NC,OH,5417
OK,MS,123
FL,IA,1380
VA,OK,721
NY,NC,4604
KY,NY,3168
CO,NC,1094
AR,CA,1745
OR,AZ,1324
SC,NC,1685
NV,MD,408
FL,MS,371
AK,AL,18
TN,SD,54
MS,WV,29
AR,AK,20
NC,NJ,6702
FL,OK,1639
MI,NY,23135
WA,NY,9473
MA,DE,2303
VA,MO,954
WA,TN,1019
ID,TX,3779
SD,GA,51
MA,GA,1772
MD,NE,197
NM,NM,1633
WY,PA,219
WI,LA,683
GA,MS,185
AR,KY,89
NH,RI,168
MD,MS,149
AR,WY,20
US,NC,1
ID,AK,8
GA,MD,1857
UT,IL,2967
NM,MD,583
MA,VA,3645
NY,DE,3860
IA,VA,544
IL,VA,4244
HI,UT,36
MD,VI,4
IL,IL,90131
TX,WA,4814
OH,KY,2295
AR,FL,392
VA,CO,1210
GA,MN,3396
MO,NE,346
NV,CO,312
ME,CA,2028
CA,NV,2190
ME,MI,423
SC,WV,173
SC,IN,807
RI,DC,33
SD,OK,57
PA,MT,303
NY,NV,727
ID,NE,94
NH,AK,16
ND,UT,54
SC,TN,777
TX,OH,15006
UT,NJ,3181
NY,OK,3118
CO,RI,333
OR,FL,2427
IN,DC,139
MS,OH,631
OR,ID,522
CT,VT,249
MN,WY,129
AR,AZ,144
IA,WY,46
AK,OR,36
KY,VT,39
HI,NV,26
US,AZ,3
,NY,252405
NY,,205276
CT,SC,644
AR,CT,249
OR,NM,179
TN,MT,91
GA,HI,67
MA,IL,13930
VA,PA,5071
MA,IA,1157
IN,OK,951
DC,FL,194
AR,MO,276
NM,VA,375
WY,NY,293
PA,NV,547
ND,IN,129
TN,AR,176
NM,FL,588
AZ,NH,508
MO,NV,188
ME,OK,83
RI,ID,39
NV,MT,67
UT,ME,98
TN,GA,950
UT,OK,538
AR,MN,312
PA,ME,549
NE,VA,180
AK,MN,95
NH,ME,187
CO,NH,572
ME,CO,128
NH,SD,34
NC,HI,86
IL,WA,3731
TN,WI,1487
FL,VA,2985
MO,IA,671
WY,CA,619
PA,KY,1869
WV,OK,391
IN,KY,972
AR,GA,174
AL,RI,87
WA,AR,210
AR,SC,91
ND,GA,56
HI,PR,7
KY,VI,2
UT,OH,2461
NC,SC,1671
VA,CT,2696
OR,TX,3911
RI,IN,353
MD,MT,95
WV,SC,97
US,IL,13
WI,MS,223
SC,OH,2953
HI,CA,1249
NV,SD,23
MN,RI,720
HI,CT,161
ID,NH,124
SC,IA,304
SC,ID,68
MA,SC,974
OK,ME,68
SD,FL,140
ID,HI,18
VT,RI,48
MS,ND,11
NC,CO,1239
FL,MN,5411
CA,DE,5109
TX,OK,15287
IA,KS,671
NM,OH,843
OH,TN,2696
WA,WV,209
PA,WA,3274
CA,SC,3357
TX,NM,1521
IL,GA,3310
MT,OK,164
PR,PR,64
SC,WY,30
IL,US,2
NY,WV,1060
MA,UT,1943
OH,WA,3933
OH,MI,19319
MD,MO,1401
MD,WI,1760
IL,NE,877
CT,CO,1738
AZ,NM,387
NE,WY,21
DC,IN,90
DE,DC,47
ID,MS,46
MS,CA,1738
MN,TX,9103
MD,CT,3716
ID,OR,611
PA,MI,13944
NJ,PA,21978
TN,PA,3709
MD,MI,3514
WA,MN,3191
MD,UT,714
MN,AZ,2815
VA,SC,515
NM,OK,334
MI,ME,406
LA,UT,231
ME,NC,207
NY,GU,1
MA,RI,1363
TN,NC,1098
ME,NJ,688
NV,OK,214
AR,PA,606
SC,CO,461
DC,DC,281
PR,OH,89
AR,ID,46
HI,AZ,89
KY,WY,23
VT,HI,10
RI,AK,6
NE,OH,732
NY,KS,1826
MD,WV,216
IA,OK,531
OH,CO,3472
FL,ID,412
TN,CO,632
FL,MT,186
GA,SD,40
SD,DE,21
OK,MT,108
WI,FL,3489
WI,CA,16353
DE,NJ,4360
SC,IL,2925
OH,GA,3199
WA,CT,3320
OH,VA,3695
NY,NM,1090
NE,FL,572
ME,MO,102
WA,NE,336
PR,OK,14
US,MN,5
NE,MN,631
TX,CT,9744
NJ,FL,7174
VT,DC,49
AZ,GA,633
WI,UT,882
CO,PR,46
SD,ID,15
MN,OH,11103
VT,MD,281
IN,CA,13641
NC,MO,1267
TX,GA,3022
ID,MA,1353
ND,WI,204
NY,MS,388
AK,MO,35
AL,LA,225
RI,ND,9
OR,PR,19
MS,ID,60
NY,MA,24163
MA,MI,8893
CA,IN,14921
NY,SD,195
VA,SD,57
RI,MN,502
OH,MD,5155
TN,MO,994
NE,MO,316
AR,CO,161
VI,IL,19
ME,VA,162
DC,CO,107
MI,MT,224
NE,OK,238
WI,WA,1984
IL,WV,835
MN,PA,11115
WV,PA,1921
LA,WI,725
KY,GA,333
WI,AR,341
WV,TX,1586
NH,MD,876
OH,MT,227
KY,AZ,319
VA,HI,126
CO,ME,145
DC,IA,17
KY,ME,53
ME,NV,22
IN,ND,87
CA,UT,7390
WI,IN,2900
WI,NY,11221
IA,SD,104
NJ,CO,3439
HI,PA,237
SC,VA,800
MD,AR,136
MA,PR,68
KS,LA,202
NV,AR,38
NC,TN,1321
OH,NJ,25571
NV,WI,274
NV,OH,836
IL,FL,8787
NY,MO,4247
MD,TX,4260
MO,MD,1320
IL,VT,445
WA,VT,236
ND,OK,106
MN,HI,192
MT,NE,49
VT,PR,3
NV,AZ,381
FL,PA,9784
AZ,OK,677
AZ,MN,2351
MS,NY,697
GA,GA,11904
KS,AR,97
WV,MD,295
UT,NE,151
RI,MS,19
OK,OR,426
SD,AR,22
ND,AR,38
AL,AK,33
PA,LA,1801
IN,NJ,7469
MD,OH,4662
CO,OR,1411
PR,WI,32
OH,RI,1192
MS,AR,87
DE,IN,502
HI,MS,18
MS,TN,184
SC,UT,181
MS,MN,276
ME,NE,23
ME,IA,71
VA,ND,57
DC,MS,10
,TX,112205
TX,,136425
ME,ID,38
LA,LA,5582
PA,MA,12621
VT,NJ,1149
MN,DE,3043
UT,MN,1606
CO,WY,160
LA,NM,110
CO,ND,90
PR,IL,147
KY,MO,489
AZ,DE,505
NM,OR,190
AR,OK,194
MN,PR,105
DE,PR,11
WV,SD,14
ID,CO,847
RI,PR,5
OR,VI,3
OH,MA,12777
MA,MD,5975
WA,NM,428
PA,WV,1932
NH,KY,205
CT,TN,1162
OK,IA,473
FL,SC,1011
KS,TN,241
MS,CT,292
TN,DC,89
MT,TN,76
WY,MD,53
AR,ME,18
OR,ME,79
GU,IL,8
MA,PA,13879
KS,IL,2551
CA,GA,7481
CA,NH,5710
LA,SC,206
IA,SC,233
PA,WI,5459
MN,NV,421
MS,NM,55
ID,FL,783
SD,OR,73
HI,WI,109
WV,ID,23
ME,AK,7
NV,HI,48
DC,DE,35
SC,VI,4
,WV,7338
WV,,6917
IA,ID,97
MI,CA,33585
OK,CT,1506
CA,TN,5645
SD,NY,336
SC,DE,999
VA,AL,531
NJ,VA,3911
AL,WA,531
ND,NY,324
AK,DC,6
UT,KS,347
MD,ME,174
DC,NV,29
MN,VI,8
MS,PA,631
AZ,FL,3033
LA,AR,176
MO,AL,370
CO,KY,621
NE,SC,87
WY,NH,23
PR,FL,124
WV,NE,41
US,NM,2
AS,NJ,1
SD,PA,212
NJ,MI,10624
UT,WI,933
LA,CA,6057
SC,LA,307
ID,NC,261
GA,VT,135
SD,IL,323
SD,LA,34
MT,CO,163
PR,SC,5
FL,PR,132
WV,NH,42
ND,RI,8
DC,ME,8
UT,CT,1463
MT,NY,487
AR,MD,181
CO,AL,531
ME,FL,375
NC,NE,278
HI,KY,44
SD,WV,11
CA,VI,52
WI,GU,1
KY,MI,1912
WV,IL,959
OH,WV,1265
PA,FL,6905
GA,IA,714
ME,OH,512
NC,WI,2212
AR,IN,386
AK,KS,16
VT,IL,619
TN,DE,718
PA,ND,174
VT,MA,1119
AZ,NE,217
MT,NC,88
TN,VT,87
PA,SD,157
NH,SC,299
IN,FL,2689
IL,CA,47134
GA,NY,8331
WA,TX,5725
PA,NM,686
NJ,WV,1464
CA,AL,4282
NE,ID,71
TN,FL,1704
AK,WI,60
NH,IN,612
NH,MO,487
NE,DC,40
AK,FL,122
MA,MT,199
MA,HI,189
SC,PR,17
AK,LA,64
GU,OK,2
AL,ND,36
OK,OK,20726
WA,AZ,1755
CT,AZ,1809
KY,MN,959
IL,DE,2464
IL,AR,598
MT,ND,37
WV,MO,254
PR,AZ,37
OK,SD,91
VT,LA,53
PR,LA,10
AK,KY,13
WI,OR,1157
MD,CA,18639
CA,AZ,17059
MN,NJ,14320
MI,VA,3333
MI,OK,2396
MS,MD,187
ID,CA,6900
KY,NC,673
TN,WV,304
VT,MO,147
MT,MD,121
MN,MT,250
VT,DE,85
AK,AK,151
VT,WY,10
VT,UT,80
LA,ND,49
PA,IL,21085
TX,MD,6286
MT,PA,408
ME,KY,56
DC,MN,107
GA,CO,1073
HI,SD,5
SD,TN,28
ID,KS,182
GA,VI,7
AK,SD,8
IL,MI,16936
MI,IN,8927
KY,IL,2841
IN,ME,172
CA,MD,21670
MO,TN,689
PA,AR,424
WA,ME,155
MS,IA,119
NJ,NH,1230
MO,PR,31
AR,NH,52
IA,ME,63
CT,PR,75
US,HI,1
,GA,17438
GA,,40574
DE,FL,662
TX,RI,909
MA,AZ,3843
MI,NE,727
AZ,SC,337
OK,HI,25
MD,LA,586
NE,MT,65
OK,VT,57
ME,SC,81
CT,HI,115
OH,CZ,1
WI,KS,1044
WI,MA,5502
OK,LA,1538
DE,WV,323
OH,NM,636
NV,OR,193
DE,MS,26
AK,NE,16
TN,HI,58
MA,,103465
,MA,112807
AS,,5
MO,PA,4323
AR,OR,189
WY,IL,256
SD,OH,249
NJ,OK,3541
NV,MN,525
OH,NC,3591
KY,CO,416
TN,AK,21
IL,PR,132
HI,KS,47
OH,VI,6
TX,CA,70663
NY,CT,14759
NJ,NM,788
OK,RI,154
WV,NY,1507
PA,MS,358
NH,FL,1164
NC,MD,1879
MN,VT,429
CT,NH,714
DC,TX,235
OR,NH,499
OH,SD,187
AR,ND,42
AK,ME,12
DE,AK,11
CO,VI,7
,KS,9759
KS,,9446
NY,NJ,35190
CT,IL,10615
MI,PA,16222
NY,AL,1427
AL,MA,1134
MA,MO,2618
FL,DC,386
AZ,CO,1928
NM,IL,960
ME,NM,25
NC,FL,3309
NY,ND,205
DE,LA,224
NM,NC,199
AR,UT,100
KY,ID,90
TN,MN,1652
TN,TN,7440
FL,AZ,3033
WI,CO,1736
MI,NM,598
UT,WA,1289
IN,RI,346
MT,ID,56
MI,DC,398
KY,DC,42
CA,WY,502
MN,NM,470
OR,VA,789
WV,NM,35
SD,MO,81
MD,HI,100
RI,SD,4
WA,GU,1
NM,AL,162
PA,DC,416
CT,TX,6899
VA,MI,3393
MA,TX,10838
IL,ME,448
IN,CT,3544
OR,LA,349
SD,TX,213
NV,UT,182
NH,WA,709
AR,NM,37
DE,NV,21
ND,KY,33
NY,CA,68144
NJ,CA,43353
NJ,WI,4585
MI,IA,2201
MI,WA,3391
TX,SC,1614
IL,DC,483
SD,WA,85
ID,GA,158
NE,KY,92
MS,KS,88
AR,WV,31
VI,CT,3
LA,HI,53
CO,CT,2624
OH,OR,1815
CA,OK,9142
NY,NH,2196
MD,IA,658
HI,IL,344
MA,NH,2349
DC,KY,19
TX,VI,17
VI,TX,5
MI,SD,174
OH,LA,1730
CA,NJ,65659
VA,IN,1517
OK,IN,1061
ME,NY,1031
MN,CT,5820
MA,FL,7340
DE,NY,4003
WI,SC,1296
SC,TX,1868
NE,TX,741
SC,NV,101
ND,SC,21
PR,NM,18
ME,VT,21
WV,PR,3
FL,,59866
,FL,53160
CO,,42246
,CO,33257
NH,IL,2674
MI,OH,21485
NV,NJ,1322
TX,MS,698
AR,OH,727
NJ,NC,3245
MN,NH,1238
MD,NC,1144
FL,NC,2326
IN,LA,571
OR,MS,106
NM,IN,256
KS,DC,30
RI,AR,42
CA,AK,311
KY,RI,118
SC,MS,94
WY,ME,9
VT,ID,297
LA,OH,2062
MA,OH,12001
TX,TN,2540
CA,WA,16475
CO,MD,2210
KY,SD,25
SD,KS,79
WI,VA,1752
AR,SD,31
IN,HI,65
PA,PR,87
OR,AK,45
MO,MN,1952
MN,MI,9920
RI,OK,183
AL,MO,386
NE,WA,301
ID,NY,2607
AL,CO,375
AK,CA,580
WA,MD,2459
DE,GA,364
WA,GA,1376
NH,OK,274
KS,AZ,370
UT,MT,86
HI,IA,45
DC,TN,30
MA,WY,94
AL,NE,107
NY,VI,13
WI,US,2
MI,US,5
AZ,CT,2508
MI,FL,6241
CT,MN,3810
NC,NC,12975
OK,FL,1433
UT,AZ,1031
DC,NH,23
TN,ID,89
US,MA,8
HI,NE,25
UT,PR,29
ID,WY,28
AK,,954
,AK,747
DE,DE,11930
VA,FL,3208
NH,NJ,2823
MA,VT,628
KS,SD,69
NE,UT,100
WA,NV,278
SC,NH,270
SD,UT,32
VI,VA,5
OH,AK,93
WI,RI,461
HI,TX,300
NH,TN,217
AL,VA,503
MI,NV,556
ND,MO,114
PA,ID,454
KS,NM,90
WY,KY,27
IN,SD,92
MS,DE,58
SD,DC,4
OH,HI,208
MO,NJ,5126
CA,ME,1443
AZ,MA,4637
CA,KY,3558
KS,TX,1659
PA,TN,2381
MT,KY,51
OR,CO,1115
AK,PA,149
OK,NM,238
IN,MS,168
NM,NE,47
AL,DE,177
MT,MT,948
AZ,VT,264
ND,ID,37
HI,AL,39
ID,ME,69
VT,AR,29
PR,OR,9
FL,FL,23773
OK,AL,301
AR,TX,705
CT,NC,1800
VA,KS,507
KS,OR,418
AZ,IA,661
NC,VA,3076
FL,NH,878
LA,TN,476
MN,CO,3584
NM,WI,316
MO,SC,438
NM,LA,137
LA,DE,451
PR,UT,16
CO,MS,155
NE,AL,87
OR,VT,234
KS,WY,40
,AR,2897
AR,,3670
WA,OH,5936
OH,CA,36533
OR,NY,5908
MD,KS,412
WV,RI,55
ND,MS,24
MS,NC,300
IL,CO,4708
NC,GA,1856
OK,MI,2331
CT,ND,54
FL,DE,957
NM,CA,4355
WY,WI,95
MO,WV,252
WI,ME,272
AK,AR,16
RI,KY,95
NV,WY,20
NV,ME,34
TX,PR,108
WV,KS,72
RI,OR,112
NE,MS,38
NH,LA,227
MA,VI,12
WV,VI,3
,OK,23326
OK,,18893
OH,WI,10126
MN,KS,1082
ND,ME,14
NY,RI,1441
LA,KS,305
MN,IA,1729
CT,WY,58
GA,IN,1601
PR,MI,81
MT,TX,465
CT,NE,273
HI,NH,25
WI,WY,98
KY,PR,9
MN,GU,2
,PR,765
PR,,693
CA,OH,37781
PA,IA,2020
AZ,NJ,5404
NE,CA,2518
MD,OK,805
PA,RI,1062
MA,DC,579
PA,UT,1525
OR,GA,537
LA,MT,69
NM,GA,149
IL,AK,98
AK,TN,22
MD,MN,2922
TX,AZ,6245
DE,NC,719
TX,WV,1476
OH,SC,1912
DE,IL,1664
WI,MO,2038
NV,CT,452
OK,VA,649
ND,CA,745
DE,MI,2006
LA,OK,1613
DE,VA,612
WV,ND,10
DE,OK,585
AZ,LA,359
WY,ID,30
MN,UT,1678
AL,DC,79
NH,UT,301
AK,IA,25
PR,NV,4
MI,MO,4007
TN,LA,449
AL,TX,1256
NJ,ND,118
AZ,NV,222
AZ,WY,44
VA,ID,169
NV,VA,291
NV,DC,37
MS,SC,88
NC,CZ,1
VT,OK,90
TN,NY,4653
CA,WI,13900
IA,IL,4653
IL,KY,2207
CT,MS,169
TX,ME,563
NY,HI,395
UT,NV,199
IN,WY,55
VA,NV,197
SD,NV,19
SD,MT,20
DC,VT,8
FL,CT,5939
NC,WA,1462
KY,VA,536
TX,MN,8670
UT,OR,676
WY,MA,136
WA,RI,435
ME,RI,37
OK,NV,132
CZ,NJ,1
NV,VT,23
PR,IA,11
CA,MI,32783
MD,NJ,8893
TX,PA,18896
KS,KS,2343
MI,LA,1261
AL,NJ,1713
MN,OK,1823
TX,VA,4533
MA,AL,1017
AZ,VA,1200
IN,NH,417
MS,NJ,556
OH,NV,487
MI,VT,361
DE,NE,49
WI,WV,237
KS,ME,52
NJ,MT,214
SD,AL,32
ID,NM,130
MO,WY,71
IL,MN,8870
OK,MD,867
NV,IN,249
MI,NC,3149
IN,IA,1217
TN,AL,349
KS,IN,681
UT,UT,6191
KY,OK,465
NH,DE,325
NH,IA,266
VT,VA,281
MS,NE,46
ND,WV,20
WI,KY,851
RI,IL,1216
MO,WI,1658
OK,CO,1270
SD,MD,60
WY,SD,12
PR,AK,1
MN,WA,3107
MI,NJ,14657
WI,OH,10780
PA,KS,1566
AZ,NY,8106
MI,PR,86
ID,MI,897
MA,AR,292
NM,NY,1897
CT,KS,671
UT,DC,72
WY,MN,91
,UT,11780
UT,,17657
OK,CA,8877
NY,MI,17593
IL,IA,4114
AZ,PA,3962
NJ,ME,444
OK,TN,518
NC,UT,528
HI,NY,628
WA,WA,14348
NV,MA,728
IL,UT,1807
PR,CA,388
WY,VA,53
MD,AZ,1378
NJ,ID,465
ID,WV,40
WY,NC,40
NE,ND,75
VA,NH,435
VI,PA,16
NM,ME,20
PR,MD,28
NM,MT,26
CO,MN,3553
LA,CO,450
VA,KY,633
WV,VT,18
NH,AL,176
DC,OR,50
DE,HI,16
US,MD,5
NV,ND,22
KS,MA,881
NM,NJ,1394
NV,PA,773
WI,MD,2048
KY,AL,157
SC,MO,576
TX,MT,415
WI,ND,162
FL,HI,294
AL,NV,47
WA,MS,160
TN,WY,36
SC,HI,39
KS,VI,3
NY,GA,3336
KS,PA,1679
NJ,MA,13400
IA,WI,1544
TN,NE,180
AZ,MI,3576
NY,DC,856
NC,OK,826
WV,WI,206
GA,NE,253
AZ,AK,35
VT,IN,217
AL,NH,112
IN,AK,34
UT,HI,53
,HI,1723
HI,,2121
GU,GA,2
GU,PA,2
GU,NC,3
DC,GU,1
US,IN,2
DC,WV,4
GU,WA,3
AK,VT,3
ND,DC,5
GU,LA,1
GU,PR,1
US,UT,1
NC,GU,1
VI,OR,1
VI,MA,4
NH,PR,4
VT,SD,2
WY,PR,1
US,AR,1
GU,OR,3
TX,US,2
GU,OH,5
GU,MO,2
PR,DC,4
VI,MN,1
VI,GA,2
US,US,1
AS,LA,1
VI,TN,2
CT,US,2
US,MS,2
US,IA,1
MA,GU,1
US,KY,1
GU,AZ,3
AK,DE,13
NC,US,3
VA,US,2
PR,NH,7
ME,PR,1
ID,PR,4
PR,MT,2
UT,US,3
MS,VI,1
MA,US,3
PR,RI,11
VI,KS,1
GU,TX,6
NY,US,6
WV,DC,13
PR,AR,10
VI,KY,2
IA,US,1
FL,AS,1
PR,ID,4
VI,RI,1
US,OK,1
US,SC,1
FL,US,1
NE,AS,1
NH,VI,2
GU,NJ,1
ME,VI,1
DC,SD,2
OH,US,2
PA,US,5
CZ,OH,1
PR,NE,2
GU,IN,1
MI,CZ,1
AS,MN,1
VI,WV,1
CA,AS,1
UT,VI,1
AS,MD,1
PR,HI,3
VI,MO,1
SC,CZ,1
GU,RI,1
OH,GU,1
MN,CZ,1
US,MT,2
GU,VA,2
VI,SC,3
NC,AS,1
MA,CZ,1
US,FL,4
AS,MO,1
VT,AS,1
SC,AS,1
GA,US,2
MD,US,1
SD,AK,2
VI,IA,1
US,WA,1
US,GA,1
MI,AS,1
WV,CZ,1
GU,FL,1
MT,HI,6
GU,SC,2
VI,CO,2
AZ,US,1
US,NH,1
GU,TN,1
WY,VI,2
MO,US,1
KY,US,1
